City_ID,City,Country,Lat,Lng,Max Temp,Humidity,Cloudiness,Wind Speed,Current Description
0,New Norfolk,AU,-42.7826,147.0587,66.0,52,75,10.29,broken clouds
1,Qaanaaq,GL,77.484,-69.3632,-0.33,75,100,8.32,overcast clouds
2,Port Elizabeth,ZA,-33.918,25.5701,64.4,93,0,2.24,clear sky
3,Tazovskiy,RU,67.4667,78.7,-14.57,88,69,12.1,broken clouds
4,Punta Arenas,CL,-53.15,-70.9167,55.4,58,99,6.93,overcast clouds
5,Bredasdorp,ZA,-34.5322,20.0403,62.6,93,9,5.82,clear sky
6,Hilo,US,19.7297,-155.09,80.6,61,20,9.17,few clouds
7,Castro,BR,-24.7911,-50.0119,65.19,96,100,4.5,overcast clouds
8,Airai,TL,-8.9266,125.4092,72.32,84,66,1.83,light rain
9,Chuy,UY,-33.6971,-53.4616,72.25,83,96,15.5,overcast clouds
10,Ilulissat,GL,69.2167,-51.1,14.0,56,100,11.41,overcast clouds
11,Qobustan,AZ,40.0824,49.412,39.2,86,90,6.93,overcast clouds
12,Belmonte,BR,-15.8631,-38.8828,78.8,74,0,6.93,clear sky
13,Roebourne,AU,-20.7833,117.1333,90.7,30,0,22.03,clear sky
14,Rorvik,NO,64.8621,11.2373,34.38,88,93,12.48,overcast clouds
15,Scicli,IT,36.7902,14.7014,44.6,87,100,1.12,overcast clouds
16,Yellowknife,CA,62.456,-114.3525,-2.99,83,90,12.75,light snow
17,Vaini,TO,-21.2,-175.2,80.6,94,75,9.17,broken clouds
18,Egvekinot,RU,66.3167,-179.1667,-17.21,90,97,3.94,overcast clouds
19,Bethel,US,41.3712,-73.414,35.6,74,90,6.93,overcast clouds
20,Los Llanos De Aridane,ES,28.6585,-17.9182,66.2,88,75,3.36,broken clouds
21,Morgan City,US,29.6994,-91.2068,57.2,67,1,5.82,clear sky
22,Hobart,AU,-42.8794,147.3294,66.0,52,75,10.29,broken clouds
23,Cape Town,ZA,-33.9258,18.4232,68.0,88,20,14.99,few clouds
24,Khatanga,RU,71.9667,102.5,-0.9,91,100,23.49,overcast clouds
25,Labuhan,ID,-6.8844,112.2051,79.3,83,95,5.61,overcast clouds
26,Dalby,AU,-27.1833,151.2667,91.99,40,1,1.99,clear sky
27,Butaritari,KI,3.0707,172.7902,81.93,75,0,19.86,clear sky
28,Bida,NG,9.0833,6.0167,77.88,24,0,2.3,clear sky
29,Comodoro Rivadavia,AR,-45.8667,-67.5,68.0,56,0,19.46,clear sky
30,Nautla,MX,20.2167,-96.7833,71.46,87,98,3.76,light rain
31,Bengkulu,ID,-3.8004,102.2655,79.5,81,61,4.27,broken clouds
32,Barrow,US,71.2906,-156.7887,-16.6,68,40,6.93,mist
33,Okha,RU,53.5739,142.9478,-8.63,90,100,24.09,light snow
34,Hermanus,ZA,-34.4187,19.2345,63.0,93,68,2.57,broken clouds
35,Guerrero Negro,MX,27.9769,-114.0611,63.21,58,0,10.71,clear sky
36,Nelson Bay,AU,-32.7167,152.15,75.0,83,90,14.99,overcast clouds
37,Luderitz,NA,-26.6481,15.1594,69.8,77,5,5.82,clear sky
38,Mar Del Plata,AR,-38.0023,-57.5575,68.0,88,90,11.41,mist
39,Hasaki,JP,35.7333,140.8333,43.0,75,75,21.92,broken clouds
40,Rikitea,PF,-23.1203,-134.9692,77.41,73,67,12.39,broken clouds
41,Busselton,AU,-33.65,115.3333,73.99,51,37,1.99,scattered clouds
42,Puerto Ayora,EC,-0.7393,-90.3518,73.99,91,99,5.01,overcast clouds
43,Tiksi,RU,71.6872,128.8694,-23.48,84,100,15.32,overcast clouds
44,Chokurdakh,RU,70.6333,147.9167,-13.49,89,100,11.63,overcast clouds
45,Saskylakh,RU,71.9167,114.0833,0.37,91,100,17.67,light snow
46,Douglas,US,41.3,-96.167,41.0,60,1,10.29,clear sky
47,Mataura,NZ,-46.1927,168.8643,77.58,46,10,2.82,clear sky
48,Sumbe,AO,-11.2061,13.8437,74.91,84,0,6.69,clear sky
49,Noshiro,JP,40.2039,140.0242,15.8,92,75,2.24,light shower snow
50,Benguela,AO,-12.5763,13.4055,74.21,76,0,2.33,clear sky
51,Inirida,CO,3.8653,-67.9239,73.99,95,14,2.06,light rain
52,Ribeira Grande,PT,38.5167,-28.7,58.28,80,100,33.62,moderate rain
53,Sao Gabriel Da Cachoeira,BR,-0.1303,-67.0892,74.88,93,97,1.43,overcast clouds
54,Kodiak,US,57.79,-152.4072,37.4,100,90,17.22,moderate rain
55,Provideniya,RU,64.3833,-173.3,-3.8,84,0,9.82,clear sky
56,Bluff,NZ,-46.6,168.3333,61.81,72,39,8.55,scattered clouds
57,Iberia,US,29.9502,-91.7507,57.0,76,1,3.36,clear sky
58,Saint-Philippe,RE,-21.3585,55.7679,77.0,73,90,5.82,overcast clouds
59,Hithadhoo,MV,-0.6,73.0833,82.6,76,52,15.08,broken clouds
60,Mahebourg,MU,-20.4081,57.7,75.2,88,40,8.05,scattered clouds
61,Etchojoa,MX,26.9167,-109.6333,62.01,64,100,1.01,overcast clouds
62,Jamestown,US,42.097,-79.2353,32.0,92,90,5.82,light snow
63,Ixcatepec,MX,21.2,-97.95,66.52,91,99,4.94,overcast clouds
64,Itarema,BR,-2.9248,-39.9167,79.88,76,0,14.88,clear sky
65,Halifax,CA,44.6453,-63.5724,34.0,80,100,10.29,overcast clouds
66,Ancud,CL,-41.8697,-73.8203,62.6,51,0,8.05,clear sky
67,Villamontes,BO,-21.25,-63.5,77.79,59,100,1.59,light rain
68,Lorengau,PG,-2.0226,147.2712,86.2,69,100,9.71,overcast clouds
69,Tasiilaq,GL,65.6145,-37.6368,19.4,52,85,19.46,overcast clouds
70,Hlotse,LS,-28.8718,28.045,58.6,92,98,0.69,overcast clouds
71,Ushuaia,AR,-54.8,-68.3,57.2,58,75,3.36,broken clouds
72,Sola,VU,-13.8833,167.55,82.6,77,100,13.18,moderate rain
73,Rocky Mountain House,CA,52.3668,-114.9188,24.8,73,100,5.82,overcast clouds
74,Te Anau,NZ,-45.4167,167.7167,62.65,88,100,2.35,overcast clouds
75,Filotion,GR,37.05,25.5,54.0,81,100,4.7,overcast clouds
76,Birjand,IR,32.8663,59.2211,17.6,52,0,4.7,clear sky
77,Severo-Kurilsk,RU,50.6789,156.125,17.92,86,95,7.85,overcast clouds
78,Porto Novo,BJ,6.4965,2.6036,82.4,88,40,9.17,scattered clouds
79,Lermontovka,RU,47.1453,134.3383,-8.84,85,93,4.47,overcast clouds
80,Kirakira,SB,-10.4544,161.9205,87.46,57,100,7.09,overcast clouds
81,Sabha,LY,27.0377,14.4283,56.52,54,1,12.06,clear sky
82,Grand-Santi,GF,4.25,-54.3833,72.72,97,32,2.59,scattered clouds
83,Bacolod,PH,10.6667,122.95,83.19,71,0,13.73,light rain
84,Albany,US,42.6001,-73.9662,33.01,79,95,3.98,overcast clouds
85,Clyde River,CA,70.4692,-68.5914,-27.4,74,40,5.82,scattered clouds
86,Atar,MR,20.5169,-13.0499,70.66,38,100,2.93,overcast clouds
87,Port Hardy,CA,50.6996,-127.4199,42.8,87,90,25.28,moderate rain
88,Pevek,RU,69.7008,170.3133,-12.35,90,100,8.37,light snow
89,Kruisfontein,ZA,-34.0033,24.7314,68.0,89,18,1.01,few clouds
90,Pisco,PE,-13.7,-76.2167,71.6,83,0,13.87,clear sky
91,Karrapur,IN,23.95,78.85,65.7,41,82,2.86,broken clouds
92,Carnarvon,AU,-24.8667,113.6333,84.2,54,68,17.22,broken clouds
93,East London,ZA,-33.0153,27.9116,71.24,75,56,12.75,broken clouds
94,Georgetown,MY,5.4112,100.3354,75.99,94,40,4.7,moderate rain
95,Fortuna,US,40.5982,-124.1573,53.01,62,90,5.57,overcast clouds
96,Honningsvag,NO,70.9821,25.9704,40.01,79,92,25.12,overcast clouds
97,Kapaa,US,22.0752,-159.319,78.8,65,75,13.87,broken clouds
98,Aklavik,CA,68.2191,-135.0107,-18.4,75,95,3.36,overcast clouds
99,Kaitangata,NZ,-46.2817,169.8464,63.0,80,69,11.01,broken clouds
100,Arraial Do Cabo,BR,-22.9661,-42.0278,75.81,91,66,16.78,broken clouds
101,Pulandian,CN,39.3953,121.9669,23.0,85,75,6.71,light snow
102,Raub,MY,3.7899,101.857,73.45,90,100,3.0,very heavy rain
103,Avrille,FR,47.5,-0.5833,36.0,93,90,2.24,overcast clouds
104,Kavaratti,IN,10.5669,72.642,82.81,70,95,4.9,overcast clouds
105,Kapit,MY,2.0167,112.9333,79.59,81,33,1.43,scattered clouds
106,Ponta Do Sol,PT,32.6667,-17.1,64.4,82,40,8.05,light rain
107,Lagoa,PT,39.05,-27.9833,57.31,73,100,41.07,overcast clouds
108,Grand Gaube,MU,-20.0064,57.6608,73.0,87,43,3.0,light rain
109,Angoche,MZ,-16.2325,39.9086,78.08,88,89,5.1,overcast clouds
110,Rocha,UY,-34.4833,-54.3333,69.33,87,38,12.15,light rain
111,Dikson,RU,73.5069,80.5464,19.71,97,100,27.56,overcast clouds
112,Haines Junction,CA,60.7522,-137.5108,11.71,92,100,2.66,light snow
113,Mersing,MY,2.4312,103.8405,73.4,94,40,1.12,scattered clouds
114,Baraboo,US,43.4711,-89.7443,24.8,100,75,0.98,fog
115,Jaciara,BR,-15.9653,-54.9683,75.22,78,99,2.62,light rain
116,Takoradi,GH,4.8845,-1.7554,79.23,87,100,9.4,overcast clouds
117,Ewo,CG,-0.8725,14.8206,74.41,79,17,0.49,light rain
118,Santa Fe,AR,-31.6333,-60.7,77.0,63,0,8.01,clear sky
119,Lavrentiya,RU,65.5833,-171.0,-12.98,83,23,12.66,few clouds
120,Sao Miguel,BR,-5.4667,-35.3667,80.6,78,20,6.93,few clouds
121,Solvychegodsk,RU,61.3305,46.9156,5.52,94,38,4.74,scattered clouds
122,Madang,PG,-5.2246,145.7966,88.81,58,45,1.16,scattered clouds
123,Catuday,PH,16.2923,119.8062,79.39,77,7,7.54,clear sky
124,Olafsvik,IS,64.8945,-23.7142,36.21,78,0,20.65,heavy intensity rain
125,Alta Floresta,BR,-9.8756,-56.0861,73.17,91,76,1.74,broken clouds
126,Kadaya,RU,50.9327,119.2911,-25.1,82,71,3.96,broken clouds
127,Lompoc,US,34.6391,-120.4579,60.8,63,1,10.29,clear sky
128,Predivinsk,RU,57.0669,93.4378,-17.84,86,100,4.97,overcast clouds
129,Bhawanigarh,IN,30.2667,76.035,54.99,92,0,1.43,light rain
130,Fomboni,KM,-12.28,43.7425,83.21,70,80,9.57,light rain
131,Ocos,GT,14.5094,-92.1933,82.4,88,5,5.82,light rain
132,Tuktoyaktuk,CA,69.4541,-133.0374,-18.4,75,75,5.82,broken clouds
133,Pacific Grove,US,36.6177,-121.9166,55.0,81,1,6.93,clear sky
134,Cabadiangan,PH,9.7531,122.4739,82.9,70,1,13.09,clear sky
135,Moree,AU,-29.4667,149.85,71.6,78,90,5.82,light rain
136,Avarua,CK,-21.2078,-159.775,86.0,70,50,16.11,scattered clouds
137,Cayenne,GF,4.9333,-52.3333,75.2,100,0,8.7,clear sky
138,Nara,JP,34.6851,135.8049,46.99,60,40,4.7,scattered clouds
139,Taldan,RU,53.6667,124.8,-26.63,79,88,5.66,overcast clouds
140,Nikolskoye,RU,59.7035,30.7861,26.6,92,90,8.95,overcast clouds
141,Port Alfred,ZA,-33.5906,26.891,66.0,92,79,9.6,broken clouds
142,Yulara,AU,-25.2406,130.9889,75.2,33,95,18.34,overcast clouds
143,San Cristobal,VE,7.7669,-72.225,64.29,87,53,1.52,broken clouds
144,Geraldton,AU,-28.7667,114.6,86.0,17,100,29.97,overcast clouds
145,Storrs,US,41.8084,-72.2495,34.0,80,90,5.82,overcast clouds
146,Victoria,HK,22.2855,114.1577,60.01,44,83,8.99,broken clouds
147,Atuona,PF,-9.8,-139.0333,77.5,79,100,15.88,overcast clouds
148,Stabat,ID,3.761,98.4513,75.2,100,75,5.82,light rain
149,Alice Springs,AU,-23.7,133.8833,77.0,36,10,17.22,clear sky
150,Mehamn,NO,71.0357,27.8492,33.85,92,79,17.87,light snow
151,Sambava,MG,-14.2667,50.1667,75.09,87,94,6.73,overcast clouds
152,Dwarka,IN,22.2394,68.9678,65.37,57,0,12.26,clear sky
153,Itapirapua,BR,-15.8233,-50.6133,76.19,69,36,1.63,scattered clouds
154,Copiapo,CL,-27.3667,-70.3333,62.6,77,0,9.17,clear sky
155,Buraydah,SA,26.326,43.975,55.4,93,20,5.82,few clouds
156,Pundaguitan,PH,6.3711,126.1689,79.83,84,100,13.09,light rain
157,Cidreira,BR,-30.1811,-50.2056,72.19,90,100,11.95,light rain
158,Kaduna,NG,10.5222,7.4383,72.9,21,0,8.32,clear sky
159,Panzhihua,CN,26.5851,101.7128,45.0,73,96,0.96,overcast clouds
160,Havelian,PK,34.0536,73.1657,42.8,100,40,4.7,light rain
161,Half Moon Bay,US,37.4636,-122.4286,53.6,87,1,3.33,mist
162,Coahuayana,MX,18.7333,-103.6833,78.8,57,40,2.13,scattered clouds
163,Tevaitoa,PF,-16.7833,-151.5,81.28,73,11,12.66,few clouds
164,Naze,JP,28.3667,129.4833,60.8,62,75,14.99,broken clouds
165,Mananjary,MG,-21.2167,48.3333,73.94,86,100,3.36,overcast clouds
166,Luocheng,CN,29.3848,104.0286,42.8,82,100,1.95,overcast clouds
167,Ouallam,NE,14.3188,2.0866,76.69,19,0,6.73,clear sky
168,Svetlyy,RU,54.675,20.1347,33.8,100,90,11.18,mist
169,Aykhal,RU,66.0,111.5,-0.4,84,90,2.24,light shower snow
170,Plainview,US,40.7765,-73.4673,39.99,64,90,5.82,overcast clouds
171,College,US,64.8569,-147.8028,-4.0,83,20,2.73,few clouds
172,Boende,CD,-0.2167,20.8667,72.21,89,100,1.54,overcast clouds
173,Honggang,CN,46.4667,124.8667,-4.16,90,100,7.31,overcast clouds
174,Mapiri,BO,-15.25,-68.1667,69.39,89,100,1.83,light rain
175,Gorahun,SL,7.4661,-11.2375,73.35,98,2,0.0,clear sky
176,Penzance,GB,50.1186,-5.5371,37.0,80,29,18.34,scattered clouds
177,Pinega,RU,64.7001,43.3936,4.35,95,77,3.44,broken clouds
178,Mount Pleasant,US,32.7941,-79.8626,53.01,93,1,9.75,clear sky
179,Zambezi,ZM,-13.5432,23.1047,65.61,95,55,2.44,broken clouds
180,Verkhoyansk,RU,67.5447,133.385,-35.21,78,13,2.33,few clouds
181,Hrusovany Nad Jevisovkou,CZ,48.8299,16.4027,39.0,100,99,1.99,overcast clouds
182,Soledad,CO,10.9184,-74.7646,78.8,83,75,13.87,broken clouds
183,Bambous Virieux,MU,-20.3428,57.7575,75.2,88,40,8.05,scattered clouds
184,Doctor Juan Manuel Frutos,PY,-25.3667,-55.8,69.55,99,89,3.47,overcast clouds
185,Nouadhibou,MR,20.931,-17.0347,68.0,82,100,3.36,overcast clouds
186,Seydi,TM,39.4816,62.9137,27.34,78,100,4.18,overcast clouds
187,Mangan,IN,27.5167,88.5333,58.57,38,31,4.5,scattered clouds
188,Iqaluit,CA,63.7506,-68.5145,21.2,92,90,21.92,light snow
189,Katsuura,JP,35.1333,140.3,46.0,69,100,8.99,overcast clouds
190,Liverpool,GB,53.4106,-2.9779,36.0,93,43,9.17,scattered clouds
191,Vega De Alatorre,MX,20.0333,-96.6333,71.37,84,75,1.7,light rain
192,Srandakan,ID,-7.9386,110.2506,81.54,75,66,4.18,broken clouds
193,Touros,BR,-5.1989,-35.4608,78.8,78,20,6.93,few clouds
194,Gladstone,AU,-23.85,151.25,86.0,55,100,9.17,light rain
195,Charters Towers,AU,-20.1,146.2667,76.69,86,100,13.82,overcast clouds
196,Norman Wells,CA,65.282,-126.8329,-25.6,74,20,4.7,few clouds
197,Gao,ML,16.6362,1.637,74.3,20,0,7.56,clear sky
198,Flinders,AU,-34.5833,150.8552,75.99,64,75,17.22,broken clouds
199,Narsaq,GL,60.9167,-46.05,23.0,45,20,5.82,few clouds
200,Fairbanks,US,64.8378,-147.7164,-4.0,83,20,2.35,few clouds
201,Ostrovnoy,RU,68.0531,39.5131,16.79,95,3,24.38,clear sky
202,Nome,US,64.5011,-165.4064,5.0,77,90,4.7,light snow
203,Mana,GF,5.6592,-53.7767,78.15,88,99,8.32,overcast clouds
204,Dingle,PH,10.9995,122.6711,80.64,81,52,14.81,broken clouds
205,Hervey Bay,AU,-25.2986,152.8535,90.0,55,75,3.36,broken clouds
206,Ceres,US,37.5949,-120.9577,50.0,87,1,10.29,clear sky
207,Giyani,ZA,-23.3025,30.7187,75.22,62,100,2.66,overcast clouds
208,Banjar,ID,-8.19,114.9675,80.6,88,40,3.36,scattered clouds
209,Seoul,KR,37.5683,126.9778,15.8,56,1,4.54,clear sky
210,Atambua,ID,-9.1061,124.8925,83.25,72,30,2.19,scattered clouds
211,Margate,GB,51.3813,1.3862,43.0,80,100,1.99,moderate rain
212,Namibe,AO,-15.1961,12.1522,71.28,74,13,6.42,few clouds
213,Pandan,PH,14.0453,124.1694,80.06,84,70,14.74,broken clouds
214,Mildura,AU,-34.2,142.15,70.0,48,0,13.87,clear sky
215,Bundaberg,AU,-24.85,152.35,90.0,55,75,3.36,broken clouds
216,Saldanha,ZA,-33.0117,17.9442,62.6,88,0,4.7,clear sky
217,Dunedin,NZ,-45.8742,170.5036,60.01,83,95,5.01,overcast clouds
218,Yumen,CN,40.2833,97.2,0.86,72,58,12.62,broken clouds
219,Sefophe,BW,-22.1833,27.9667,75.07,58,1,4.9,clear sky
220,Nishihara,JP,26.1842,127.7558,64.4,68,75,12.75,light rain
221,Sinnai,IT,39.3042,9.2036,46.0,100,20,4.7,few clouds
222,Esperance,AU,-33.8667,121.9,64.4,52,75,11.41,broken clouds
223,Cascais,PT,38.6979,-9.4215,44.01,72,0,8.01,clear sky
224,Kavieng,PG,-2.5744,150.7967,79.18,88,100,11.68,light rain
225,Lebu,CL,-37.6167,-73.65,56.88,80,0,18.99,clear sky
226,Mpongwe,ZM,-13.5091,28.155,63.63,96,93,1.1,light rain
227,Vardo,NO,70.3705,31.1107,27.68,96,89,23.2,overcast clouds
228,Port-Gentil,GA,-0.7193,8.7815,80.47,80,100,13.94,moderate rain
229,Qaqortoq,GL,60.7167,-46.0333,23.0,45,20,5.82,few clouds
230,Bandarbeyla,SO,9.4942,50.8122,72.39,71,0,17.78,clear sky
231,Udachnyy,RU,66.4167,112.4,-0.4,84,90,2.24,light shower snow
232,Harper,LR,4.375,-7.7169,79.05,84,100,8.57,overcast clouds
233,Rabo De Peixe,PT,37.8,-25.5833,55.4,71,75,14.99,broken clouds
234,Amahai,ID,-3.3333,128.9167,84.09,70,100,1.19,overcast clouds
235,Jurm,AF,36.8648,70.8342,23.47,71,11,2.17,few clouds
236,Pangnirtung,CA,66.1451,-65.7125,7.12,90,100,2.59,light snow
237,Karatau,KZ,43.1667,70.4667,8.89,90,100,1.3,overcast clouds
238,Ahipara,NZ,-35.1667,173.1667,73.78,57,100,6.78,overcast clouds
239,Gobabis,NA,-22.45,18.9667,68.0,88,96,1.12,moderate rain
240,Sitka,US,57.0531,-135.33,44.6,70,90,26.4,light rain
241,Vanimo,PG,-2.6741,141.3028,85.46,64,99,6.67,overcast clouds
242,Cap Malheureux,MU,-19.9842,57.6142,73.0,87,36,3.0,light rain
243,Sangar,RU,63.9242,127.4739,-49.56,76,71,4.5,broken clouds
244,Tonj,SS,7.2737,28.6822,73.9,31,0,4.45,clear sky
245,Gonbad-E Qabus,IR,37.25,55.1672,39.2,93,90,3.62,overcast clouds
246,Talnakh,RU,69.4865,88.3972,-9.4,83,90,20.13,light snow
247,San Patricio,US,28.017,-97.5169,69.8,83,75,11.41,broken clouds
248,Quatre Cocos,MU,-20.2078,57.7625,75.2,88,40,8.05,light rain
249,Upernavik,GL,72.7868,-56.1549,3.25,92,100,8.55,light snow
250,Nanortalik,GL,60.1432,-45.2371,26.2,89,20,6.38,few clouds
251,Bonavista,CA,48.6499,-53.1147,37.0,96,100,9.17,moderate rain
252,Nushki,PK,29.5542,66.0215,33.4,79,0,1.41,clear sky
253,Puerto Escondido,MX,15.85,-97.0667,75.2,73,20,2.51,light rain
254,Roald,NO,62.5833,6.1333,33.8,64,0,8.05,clear sky
255,Pimentel,PE,-6.8367,-79.9342,71.6,78,0,18.34,clear sky
256,Axim,GH,4.8699,-2.2405,79.54,86,100,9.15,overcast clouds
257,Kloulklubed,PW,7.0419,134.2556,82.4,83,75,9.17,broken clouds
258,Eyl,SO,7.9803,49.8164,70.25,71,0,16.42,clear sky
259,Meulaboh,ID,4.1363,96.1285,78.15,80,100,3.49,overcast clouds
260,Saint George,US,37.1041,-113.5841,53.6,27,1,12.75,clear sky
261,Ternovka,RU,51.678,41.6375,16.36,95,100,10.63,overcast clouds
262,Thompson,CA,55.7435,-97.8558,8.6,84,75,3.36,broken clouds
263,Dawei,MM,14.0833,98.2,76.8,61,94,3.87,overcast clouds
264,Santa Isabel,BR,-23.3156,-46.2214,77.0,73,0,4.7,clear sky
265,Beipiao,CN,41.7919,120.7792,-3.91,68,0,18.34,clear sky
266,Longyearbyen,SJ,78.2186,15.6401,19.4,79,75,9.17,light snow
267,Cabo Rojo,PR,18.0866,-67.1457,73.99,94,64,6.22,broken clouds
268,Saryozek,KZ,44.3583,77.9753,8.31,83,100,4.76,overcast clouds
269,Tecoanapa,MX,16.5167,-98.75,78.04,81,0,6.46,clear sky
270,Salta,AR,-24.7859,-65.4117,69.8,68,40,5.82,heavy intensity rain
271,Lasa,IT,46.6166,10.7002,34.0,79,40,8.05,light snow
272,Grindavik,IS,63.8424,-22.4338,35.6,64,20,17.22,few clouds
273,Leningradskiy,RU,69.3833,178.4167,-9.04,87,100,10.2,overcast clouds
274,Shelburne,CA,44.0787,-80.2041,30.99,92,98,3.42,overcast clouds
275,Makaryev,RU,57.8797,43.8069,22.21,98,100,3.8,overcast clouds
276,Hofn,IS,64.2539,-15.2082,36.99,81,100,4.68,light rain
277,Granada,ES,37.25,-3.25,37.99,72,95,0.69,overcast clouds
278,Sao Jose Do Belmonte,BR,-7.8614,-38.7597,76.26,52,0,7.92,clear sky
279,Saint-Joseph,RE,-21.3667,55.6167,75.2,73,90,5.82,overcast clouds
280,Petropavlovsk-Kamchatskiy,RU,53.0452,158.6483,19.4,85,90,2.24,light shower snow
281,Araouane,ML,18.9048,-3.5265,68.59,22,2,7.56,clear sky
282,Maunabo,PR,18.0072,-65.8993,73.99,94,42,7.45,scattered clouds
283,Amga,RU,60.8953,131.9608,-32.46,81,100,2.37,overcast clouds
284,Durant,US,33.994,-96.3708,55.0,55,100,5.99,overcast clouds
285,Diego De Almagro,CL,-26.3667,-70.05,59.49,60,0,2.64,clear sky
286,Sao Joao Da Barra,BR,-21.6403,-41.0511,76.15,87,100,18.3,overcast clouds
287,Kindu,CD,-2.95,25.95,70.74,90,100,1.88,overcast clouds
288,Darhan,MN,49.4867,105.9228,-19.03,81,100,8.59,overcast clouds
289,Rafai,CF,4.95,23.9167,74.08,44,93,0.89,overcast clouds
290,San Buenaventura,MX,27.0833,-101.5333,64.99,30,100,1.9,overcast clouds
291,Laguna,US,38.421,-121.4238,54.0,71,1,5.82,clear sky
292,Komsomolskiy,UZ,40.4272,71.7189,23.0,79,90,4.7,mist
293,Havre-Saint-Pierre,CA,50.2334,-63.5986,10.4,85,1,3.36,clear sky
294,Caravelas,BR,-17.7125,-39.2481,74.98,85,0,5.66,clear sky
295,Sebastian,US,35.1668,-94.2669,48.0,61,1,3.36,clear sky
296,Bayan,CN,46.0833,127.4,-9.0,90,100,1.81,overcast clouds
297,Portland,US,45.5234,-122.6762,48.99,66,90,9.17,overcast clouds
298,Milkovo,RU,54.7167,158.6167,2.82,91,100,0.69,overcast clouds
299,Marzuq,YE,14.4,46.4667,52.81,44,0,1.88,clear sky
300,Shimoda,JP,34.6667,138.95,48.2,81,75,14.99,broken clouds
301,Marawi,PH,7.9986,124.2928,75.67,77,100,2.84,light rain
302,Rybachiy,RU,48.7073,44.7449,17.6,72,75,15.66,broken clouds
303,Ambilobe,MG,-13.2,49.05,73.47,92,99,2.37,overcast clouds
304,Blagoyevo,RU,63.3667,47.9167,6.87,95,80,4.09,broken clouds
305,Srikakulam,IN,18.3,83.9,66.81,77,97,6.78,overcast clouds
306,Palamas,GR,39.4667,22.0833,39.2,93,20,4.7,few clouds
307,Juneau,US,58.3019,-134.4197,39.2,80,90,21.92,snow
308,Two Hills,CA,53.7169,-111.7518,23.0,85,52,8.05,broken clouds
309,Linjiang,CN,41.8069,126.9078,3.24,76,99,2.93,overcast clouds
310,Revelstoke,CA,50.9832,-118.2023,35.6,93,90,13.87,light rain
311,Waipawa,NZ,-41.4122,175.5153,73.99,77,99,9.17,overcast clouds
312,Port-Cartier,CA,50.0334,-66.8654,21.2,85,100,4.7,overcast clouds
313,Vestmannaeyjar,IS,63.4427,-20.2734,37.85,77,82,25.01,broken clouds
314,Yerbogachen,RU,61.2767,108.0108,-16.46,88,100,7.49,overcast clouds
315,Sao Filipe,CV,14.8961,-24.4956,75.13,73,100,2.95,overcast clouds
316,Kankon,IN,15.0167,74.0167,78.8,78,75,5.82,mist
317,Auki,SB,-8.7676,160.7034,88.21,52,93,0.96,overcast clouds
318,Bessonovka,RU,53.3097,45.0407,18.0,35,62,7.99,broken clouds
319,Gazanjyk,TM,39.2446,55.5154,30.11,93,58,11.74,broken clouds
320,Hamilton,US,39.1834,-84.5333,35.6,80,90,7.54,light rain
321,Calama,CL,-22.4667,-68.9333,62.6,39,20,23.04,few clouds
322,Shubarshi,KZ,48.5872,57.1869,0.54,83,33,4.7,scattered clouds
323,Galanta,SK,48.19,17.7275,37.99,91,87,1.99,overcast clouds
324,Luanshya,ZM,-13.1367,28.4166,62.89,96,98,1.83,overcast clouds
325,Aleksin,RU,54.51,37.08,24.8,92,100,8.95,overcast clouds
326,Fountain Hills,US,33.6117,-111.7174,64.4,23,1,3.36,clear sky
327,Omboue,GA,-1.5746,9.2618,77.79,88,100,10.22,moderate rain
328,Tigil,RU,57.8,158.6667,-8.93,87,26,1.86,scattered clouds
329,Tessalit,ML,20.1986,1.0114,64.89,23,0,8.05,clear sky
330,Raudeberg,NO,61.9875,5.1352,34.0,85,0,7.78,clear sky
331,Coquimbo,CL,-29.9533,-71.3436,59.0,77,75,10.29,broken clouds
332,Kiunga,PG,-6.1219,141.2906,79.3,84,100,0.49,overcast clouds
333,Sao Francisco Do Sul,BR,-26.2433,-48.6381,73.0,91,100,14.0,overcast clouds
334,Nsanje,MW,-16.92,35.262,75.2,83,0,1.28,clear sky
335,Tilichiki,RU,60.4667,166.1,-18.44,88,10,8.59,clear sky
336,Pontian Kecil,MY,1.4801,103.3899,79.0,94,20,2.24,few clouds
337,Taoudenni,ML,22.6783,-3.9836,65.8,26,74,2.64,broken clouds
338,Troyes,FR,48.3333,4.0833,35.6,93,90,4.7,mist
339,Marabba,SD,12.35,32.1833,72.48,29,0,10.04,clear sky
340,Coihaique,CL,-45.5752,-72.0662,69.8,22,75,8.05,broken clouds
341,Muros,ES,42.7762,-9.0603,34.0,95,8,9.37,clear sky
342,Canutama,BR,-6.5339,-64.3831,75.94,86,85,1.19,overcast clouds
343,Bella Union,UY,-30.2752,-57.6007,79.52,47,1,4.5,clear sky
344,Bemidji,US,47.4736,-94.8803,24.8,79,1,5.82,clear sky
345,Inongo,CD,-1.95,18.2667,73.54,90,100,1.54,light rain
346,Luanda,AO,-8.8368,13.2343,76.64,84,88,9.06,overcast clouds
347,Amapa,BR,1.0,-52.0,72.77,93,100,3.36,overcast clouds
348,Tabory,RU,58.5198,64.5495,-7.51,90,79,5.86,broken clouds
349,Junction City,US,39.0286,-96.8314,48.2,45,90,14.99,overcast clouds
350,Necochea,AR,-38.5473,-58.7368,63.0,95,100,17.13,overcast clouds
351,Dongsheng,CN,39.8161,109.9776,-14.64,58,0,20.07,clear sky
352,Busayra,JO,30.7376,35.6078,50.16,75,0,3.02,clear sky
353,Cotonou,BJ,6.3654,2.4183,82.4,88,40,9.17,scattered clouds
354,Cockburn Town,TC,21.4612,-71.1419,73.4,69,20,2.66,few clouds
355,Fuerte Olimpo,PY,-21.0415,-57.8738,73.58,95,95,4.68,overcast clouds
356,Samarai,PG,-10.6167,150.6667,85.95,73,30,14.18,scattered clouds
357,Husavik,IS,66.0449,-17.3389,35.6,64,75,4.7,light rain
358,Jumla,NP,29.2747,82.1838,38.16,73,99,5.44,overcast clouds
359,Hobyo,SO,5.3505,48.5268,74.01,72,73,19.46,broken clouds
360,Aranos,NA,-24.1333,19.1167,74.59,62,100,2.51,light rain
361,Anloga,GH,5.7947,0.8973,82.4,83,20,5.82,few clouds
362,Richards Bay,ZA,-28.783,32.0377,74.66,89,100,12.01,overcast clouds
363,Sorong,ID,-0.8833,131.25,83.48,75,47,3.8,scattered clouds
364,Salvacion,PH,7.9833,126.1333,76.3,92,100,1.28,light rain
365,Eureka,US,40.8021,-124.1637,51.01,74,55,1.01,broken clouds
366,Diu,IN,20.7141,70.9822,62.08,46,0,11.9,clear sky
367,Batagay,RU,67.6333,134.6333,-36.67,79,1,3.85,clear sky
368,Westport,US,41.1415,-73.3579,37.99,74,90,5.82,overcast clouds
369,Armidale,AU,-30.5167,151.65,73.0,73,74,1.99,light rain
370,Igrim,RU,63.1906,64.4162,-13.56,89,53,5.82,broken clouds
371,Erenhot,CN,43.6475,111.9767,-25.58,75,0,15.66,clear sky
372,Hirtshals,DK,57.5881,9.9592,34.0,87,100,5.01,overcast clouds
373,Qandala,SO,11.472,49.8728,72.66,51,0,6.08,clear sky
374,Vila Franca Do Campo,PT,37.7167,-25.4333,55.4,66,75,14.99,broken clouds
375,Maymyo,MM,22.0333,96.4667,55.4,87,100,1.12,mist
376,Kapuskasing,CA,49.4169,-82.4331,23.0,92,95,9.17,overcast clouds
377,Taltal,CL,-25.4,-70.4833,64.51,75,0,2.08,clear sky
378,Umm Lajj,SA,25.0213,37.2685,74.14,61,0,7.49,clear sky
379,Broken Hill,AU,-31.95,141.4333,66.2,55,75,19.46,broken clouds
380,Swinford,IE,53.95,-8.95,28.99,81,58,4.0,broken clouds
381,Owo,NG,7.1962,5.5868,74.08,92,4,4.23,clear sky
382,Maceio,BR,-9.6658,-35.7353,71.6,94,0,3.36,clear sky
383,Tomatlan,MX,19.9333,-105.25,70.74,73,0,1.77,clear sky
384,Saint-Augustin,CA,51.226,-58.6502,23.04,93,72,10.02,broken clouds
385,Fort Nelson,CA,58.8053,-122.7002,-5.8,76,75,3.13,broken clouds
386,Souillac,MU,-20.5167,57.5167,75.2,88,40,8.05,scattered clouds
387,Ulu-Telyak,RU,54.9086,56.9669,11.57,96,100,3.96,light snow
388,Praia Da Vitoria,PT,38.7333,-27.0667,57.2,71,75,35.75,broken clouds
389,Hanzhong,CN,33.0728,107.0303,36.09,74,100,1.99,light rain
390,Portree,GB,57.4129,-6.1942,33.01,87,65,1.01,broken clouds
391,Sabang,ID,5.8933,95.3214,81.5,82,100,21.43,overcast clouds
392,Pahrump,US,36.2083,-115.9839,57.0,20,0,1.99,clear sky
393,Kourou,GF,5.1552,-52.6478,75.2,100,0,6.62,clear sky
394,Cherskiy,RU,68.75,161.3,-18.29,88,100,11.97,light snow
395,Ivanteyevka,RU,55.9711,37.9208,26.6,92,90,8.95,light snow
396,Almaznyy,RU,48.0448,40.045,33.8,97,40,17.9,scattered clouds
397,Klyuchi,RU,52.2667,79.1667,-21.23,87,0,8.57,clear sky
398,Berlevag,NO,70.8578,29.0864,31.82,94,55,20.65,broken clouds
399,Camacha,PT,33.0833,-16.3333,60.8,93,75,4.7,light rain
400,Codrington,AU,-38.2667,141.9667,61.45,68,100,12.44,overcast clouds
401,Zaragoza,ES,41.6561,-0.8773,36.0,86,40,8.05,scattered clouds
402,Bethanien,NA,-26.502,17.1583,67.5,80,11,6.91,few clouds
403,Imeni Poliny Osipenko,RU,52.4201,136.4853,-20.36,84,94,2.64,overcast clouds
404,Staraya Russa,RU,57.9944,31.3608,28.87,98,100,6.29,overcast clouds
405,Rawson,AR,-43.3002,-65.1023,66.24,48,0,17.09,clear sky
406,Kyshtovka,RU,56.555,76.6271,-18.85,84,3,5.5,clear sky
407,Eaton Socon,GB,52.2175,-0.2893,37.99,91,96,7.0,overcast clouds
408,Wismar,DE,53.9,11.4667,39.0,93,100,5.99,overcast clouds
409,Kipushi,CD,-11.7667,27.2333,61.23,97,100,3.36,overcast clouds
410,Belaya Gora,RU,68.5333,146.4167,-26.09,83,14,6.55,few clouds
411,Kieta,PG,-6.2167,155.6333,87.24,62,100,6.73,light rain
412,Damaturu,NG,11.747,11.9608,72.81,20,0,6.26,clear sky
413,Mweka,CD,-4.85,21.5667,69.73,95,100,0.85,overcast clouds
414,Pokaran,IN,26.9167,71.9167,52.45,67,0,6.29,clear sky
415,Monrovia,LR,6.3005,-10.7969,75.2,94,40,7.7,mist
416,Klaksvik,FO,62.2266,-6.589,44.6,100,100,14.99,drizzle
417,Timbiqui,CO,2.7717,-77.6654,75.0,88,100,2.46,light rain
418,Issia,CI,6.4922,-6.5856,74.12,91,6,3.65,clear sky
419,Kayes,ML,14.0,-11.0,80.6,28,0,6.93,clear sky
420,Anori,BR,-3.7728,-61.6442,74.73,96,99,2.19,overcast clouds
421,Palu,ID,-0.8917,119.8707,80.1,74,100,1.54,light rain
422,Pachino,IT,36.7186,15.0907,46.0,87,100,1.12,overcast clouds
423,Beringovskiy,RU,63.05,179.3167,-10.37,85,64,11.9,broken clouds
424,Bataipora,BR,-22.2953,-53.2711,73.08,92,100,4.81,heavy intensity rain
425,Totskoye,RU,52.5248,52.7623,3.72,89,100,6.42,overcast clouds
426,Bilma,NE,18.6853,12.9164,70.0,22,0,4.68,clear sky
427,Tukrah,LY,32.5341,20.5791,55.71,61,100,8.63,overcast clouds
428,San Joaquin,US,37.9333,-121.3011,48.99,87,1,4.7,clear sky
429,Cedar City,US,37.6775,-113.0619,35.6,55,1,9.17,clear sky
430,Catende,BR,-8.6667,-35.7167,71.87,84,4,3.51,clear sky
431,Taywarah,AF,33.35,64.4167,9.9,69,15,2.89,few clouds
432,Registro,BR,-24.4875,-47.8436,71.78,98,100,1.3,overcast clouds
433,Togur,RU,58.3631,82.8265,-23.67,83,0,3.22,clear sky
434,Chuguyevka,RU,44.1653,133.8633,-1.82,82,100,0.49,overcast clouds
435,Kon Tum,VN,14.35,108.0,71.94,70,18,6.06,few clouds
436,Mnogovershinnyy,RU,53.9353,139.9242,-16.96,89,100,4.79,overcast clouds
437,Constitucion,CL,-35.3333,-72.4167,55.09,86,0,9.95,clear sky
438,Kuzedeyevo,RU,53.3308,87.2019,-11.96,83,0,3.76,clear sky
439,Gemena,CD,3.25,19.7667,73.63,84,100,1.95,overcast clouds
440,Stuttgart,DE,48.7823,9.177,35.01,100,75,6.93,light snow
441,Novo Aripuana,BR,-5.1206,-60.3797,75.0,95,77,1.28,light rain
442,Mormugao,IN,15.4,73.8,78.8,78,75,5.82,mist
443,Nogales,MX,31.3086,-110.9422,64.4,18,1,6.93,clear sky
444,Qarqin,AF,37.4185,66.0436,16.72,92,100,1.66,overcast clouds
445,High Rock,BS,26.6208,-78.2833,66.2,52,0,8.05,clear sky
446,Strezhevoy,RU,60.7333,77.5889,-16.6,75,0,4.47,clear sky
447,Masvingo,ZW,-20.0637,30.8277,69.66,75,53,2.84,broken clouds
448,Noamundi,IN,22.15,85.5333,60.39,52,78,1.79,broken clouds
449,Huarmey,PE,-10.0681,-78.1522,70.34,83,100,7.47,overcast clouds
450,Taitung,TW,22.7583,121.1444,64.4,72,75,11.41,broken clouds
451,Swan Hill,AU,-35.3378,143.5544,72.66,42,0,15.1,clear sky
452,Zephyrhills,US,28.2336,-82.1812,57.99,71,1,4.7,clear sky
453,Ketchikan,US,55.3422,-131.6461,35.6,93,90,3.36,light rain
454,Hami,CN,42.8,93.45,8.76,60,12,4.65,few clouds
455,Rosarito,MX,32.3333,-117.0333,57.2,81,1,5.82,clear sky
456,Bireun,ID,5.203,96.7009,77.43,84,100,7.65,overcast clouds
457,Pangody,RU,65.85,74.4859,-15.16,89,87,12.77,overcast clouds
458,Alofi,NU,-19.0595,-169.9187,75.2,100,90,10.29,shower rain
459,Faya,SA,18.3851,42.4509,57.2,93,0,1.68,clear sky
460,Kahului,US,20.8947,-156.47,82.4,54,40,21.92,scattered clouds
461,Warrnambool,AU,-38.3833,142.4833,64.99,76,100,1.01,overcast clouds
462,Oga,IT,46.4631,10.347,32.0,92,75,1.12,light snow
463,Saint Anthony,US,45.0205,-93.218,28.99,86,90,5.82,overcast clouds
464,Cerro Largo,BR,-28.1486,-54.7381,71.01,89,0,4.43,clear sky
465,Awjilah,LY,29.1081,21.2869,56.3,68,93,7.11,overcast clouds
466,Yantzaza,EC,-3.8278,-78.7594,68.7,83,100,1.16,light rain
467,Codajas,BR,-3.8367,-62.0569,74.62,96,100,2.37,moderate rain
468,Antofagasta,CL,-23.65,-70.4,68.0,77,0,8.05,clear sky
469,Cubuk,TR,40.2386,33.0322,39.99,87,75,0.45,fog
470,Tura,IN,25.5198,90.2201,61.63,55,99,3.33,overcast clouds
471,Reinosa,ES,42.9996,-4.138,39.0,100,40,2.24,scattered clouds
472,Parkes,AU,-33.1333,148.1833,78.39,36,99,4.61,overcast clouds
473,Cairns,AU,-16.9167,145.7667,87.01,88,75,3.36,heavy intensity shower rain
474,Ahuimanu,US,21.4447,-157.8378,82.4,61,75,12.75,broken clouds
475,Dzilam Gonzalez,MX,21.2833,-88.9333,69.73,76,100,5.82,overcast clouds
476,Celestun,MX,20.8667,-90.4,72.37,75,100,14.12,overcast clouds
477,Jiangkou,CN,25.4872,119.1986,53.6,62,75,17.9,broken clouds
478,Matara,LK,5.9485,80.5353,74.91,90,67,5.35,broken clouds
479,Koryazhma,RU,61.3143,47.1691,5.81,94,48,5.17,scattered clouds
480,Sistranda,NO,63.7256,8.834,28.4,79,0,13.87,clear sky
481,Yangambi,CD,0.8102,24.4336,70.32,96,100,1.63,overcast clouds
482,Faanui,PF,-16.4833,-151.75,81.16,73,0,13.49,clear sky
483,Zemio,CF,5.0314,25.1361,69.22,44,80,1.57,broken clouds
484,Verkhnevilyuysk,RU,63.4453,120.3167,-24.93,85,100,6.42,overcast clouds
485,Tianpeng,CN,30.9866,103.9393,44.6,70,40,4.47,scattered clouds
486,Dukat,RU,62.55,155.55,-30.3,83,100,4.09,overcast clouds
487,Koidu,SL,8.4167,-10.8333,70.57,94,0,1.57,clear sky
488,Doka,SD,13.5167,35.7667,68.38,42,0,9.75,clear sky
489,Sibu,MY,2.3,111.8167,78.8,88,40,2.24,scattered clouds
490,Zhigansk,RU,66.7697,123.3711,-39.21,80,100,11.88,overcast clouds
491,Isoka,ZM,-10.1606,32.6335,61.97,97,100,2.21,overcast clouds
492,Merauke,ID,-8.4667,140.3333,84.02,74,100,6.26,light rain
493,Pemangkat,ID,1.1667,108.9667,79.97,82,95,6.38,overcast clouds
494,Katrineholm,SE,58.9959,16.2072,28.99,86,74,12.75,broken clouds
495,Sovetskiy,RU,61.3614,63.5842,-15.77,89,100,5.59,overcast clouds
496,Ustynivka,UA,47.9551,32.5367,35.6,80,90,8.95,overcast clouds
497,Adrar,MR,20.5022,-10.0711,66.42,40,100,0.56,overcast clouds
498,Manggar,ID,-2.8833,108.2667,81.55,81,89,4.05,overcast clouds
499,Haicheng,CN,40.8516,122.7475,7.27,76,100,5.77,overcast clouds
500,Portobelo,PA,9.55,-79.65,79.0,99,100,8.52,overcast clouds
501,Kailua,US,21.4022,-157.7394,82.4,61,75,12.75,broken clouds
502,Toba,JP,34.4833,136.85,44.01,68,40,5.99,scattered clouds
503,Palafrugell,ES,41.9174,3.1631,34.0,92,0,4.61,clear sky
504,Ambatofinandrahana,MG,-20.55,46.8,61.63,95,99,1.68,overcast clouds
505,Katherine,AU,-14.4667,132.2667,89.6,59,0,3.36,clear sky
506,Flin Flon,CA,54.7682,-101.865,19.4,85,90,6.93,snow
507,Iranshahr,IR,27.2025,60.6848,41.0,21,0,0.58,clear sky
508,Zaraza,VE,9.3503,-65.3245,72.55,79,11,6.91,few clouds
509,Namwala,ZM,-15.7504,26.4384,65.05,95,100,3.18,light rain
510,Arkhangelsk,RU,64.5401,40.5433,17.6,92,90,2.24,light snow
511,Boddam,GB,57.4667,-1.7833,37.99,93,90,8.05,overcast clouds
512,Bageshwar,IN,29.85,79.7667,51.33,64,100,1.92,light rain
513,Ozernovskiy,RU,51.5,156.5167,19.06,84,100,15.41,overcast clouds
514,Torbay,CA,47.6666,-52.7314,37.0,100,90,13.87,moderate rain
515,Marshfield,US,44.6689,-90.1718,23.0,92,90,3.27,fog
516,Isangel,VU,-19.55,169.2667,83.52,76,100,15.19,overcast clouds
517,Mayo,US,38.8876,-76.5119,39.99,93,90,5.82,overcast clouds
518,Nokaneng,BW,-19.6667,22.2667,73.98,64,61,4.54,broken clouds
519,Vila Velha,BR,-20.3297,-40.2925,78.8,78,20,11.41,few clouds
520,Avera,US,33.194,-82.5271,50.0,57,1,8.05,clear sky
521,Ordu,TR,40.9086,37.6845,51.8,93,75,4.7,light rain
522,Bathsheba,BB,13.2167,-59.5167,78.8,69,20,14.99,few clouds
523,Uvat,RU,59.1433,68.8953,-12.33,87,0,7.65,clear sky
524,Arlit,NE,18.7369,7.3853,73.51,21,0,5.66,clear sky
525,Caucaia,BR,-3.7361,-38.6531,81.0,83,40,9.17,scattered clouds
526,Zaysan,KZ,47.4667,84.8667,-16.11,80,76,1.21,broken clouds
527,Barra Do Garcas,BR,-15.89,-52.2567,75.87,73,45,0.81,scattered clouds
528,Spassk,RU,52.747,87.7545,-14.58,83,0,5.3,clear sky
529,Port Lincoln,AU,-34.7333,135.8667,63.0,60,31,15.79,scattered clouds
530,Minot,US,48.2325,-101.2963,35.6,64,90,4.7,overcast clouds
531,Poronaysk,RU,49.2167,143.1167,-4.83,83,1,2.98,clear sky
532,Kefamenanu,ID,-9.4467,124.4781,83.57,71,14,1.3,few clouds
533,Verkhnetulomskiy,RU,68.6073,31.7962,15.8,92,40,2.24,scattered clouds
534,Padang,ID,-0.9492,100.3543,77.0,88,40,2.24,scattered clouds
535,La Ronge,CA,55.1001,-105.2842,17.6,85,100,10.29,snow
536,Payo,ID,-3.7508,103.6372,78.94,88,57,2.53,light rain
537,Aldana,CO,0.8828,-77.701,49.44,94,100,2.53,light rain
538,Conceicao Do Araguaia,BR,-8.2578,-49.2647,76.48,80,0,3.24,clear sky
539,Beloha,MG,-25.1667,45.05,72.57,90,16,1.9,few clouds
540,Kinston,US,35.2627,-77.5816,44.01,100,40,6.42,scattered clouds
541,Caceres,ES,39.522,-6.3748,28.99,86,0,4.29,clear sky
542,Surt,LY,31.2089,16.5887,55.89,64,93,11.99,overcast clouds
543,Rapid Valley,US,44.0625,-103.1463,43.0,38,75,32.21,broken clouds
544,Nemuro,JP,43.3236,145.575,12.2,72,20,2.24,few clouds
545,Hrazdan,AM,40.4975,44.7662,17.6,92,90,2.95,fog
546,Mahad,IN,18.0833,73.4167,72.25,75,34,1.97,scattered clouds
547,Mount Gambier,AU,-37.8333,140.7667,62.6,59,90,16.11,overcast clouds
548,Deputatskiy,RU,69.3,139.9,-26.5,84,0,6.33,clear sky
549,Miraflores,MX,19.2167,-98.8083,66.2,29,20,8.05,few clouds
550,San Cosme Y Damian,PY,-27.3167,-56.35,80.6,69,0,5.82,clear sky
551,Mirabad,AF,30.4362,61.8383,33.19,86,0,13.65,clear sky
552,Krasnoselkup,RU,65.7,82.4667,-20.9,83,0,12.01,clear sky
553,Poya,NC,-21.35,165.15,85.41,71,59,4.97,light rain
554,Jalingo,NG,8.8833,11.3667,76.78,18,0,3.27,clear sky
555,San Policarpo,PH,12.1791,125.5072,82.74,78,96,12.59,overcast clouds
556,Garowe,SO,8.4054,48.4845,63.34,66,0,11.92,clear sky
557,Gazojak,TM,41.1875,61.4036,18.68,75,0,9.28,clear sky
558,Batemans Bay,AU,-35.7167,150.1833,68.0,80,49,1.99,scattered clouds
559,Rudnogorsk,RU,57.2639,103.7519,-16.8,89,100,4.99,light snow
560,Hay River,CA,60.8156,-115.7999,-0.4,77,1,5.82,clear sky
561,Mirnyy,RU,62.5353,113.9611,-25.6,74,100,15.66,light snow
562,Stokmarknes,NO,68.5646,14.9108,41.0,95,100,15.01,overcast clouds
563,Mosquera,CO,4.7059,-74.2302,51.8,87,75,4.7,light rain
564,Ugoofaaru,MV,5.6667,73.0,80.56,81,100,13.78,overcast clouds
565,Manitouwadge,CA,49.1215,-85.8403,30.2,92,100,6.93,overcast clouds
566,Henties Bay,NA,-22.116,14.2845,69.01,90,100,3.0,overcast clouds
567,Vrangel,RU,42.7297,133.0839,7.14,79,100,7.34,overcast clouds
568,Araxa,BR,-19.5933,-46.9406,66.85,90,97,2.35,overcast clouds
569,Korla,CN,41.7597,86.1469,12.13,84,89,12.82,overcast clouds
570,Tulum,MX,20.2167,-87.4667,75.2,69,75,9.17,broken clouds
571,Port Macquarie,AU,-31.4333,152.9167,82.99,58,11,7.0,few clouds
572,Beinamar,TD,8.6698,15.3813,71.31,22,0,1.16,clear sky
573,Corn Island,NI,12.1694,-83.0418,80.92,67,91,7.52,overcast clouds
574,Evensk,RU,61.95,159.2333,-12.21,78,0,6.62,clear sky
575,Elizabeth City,US,36.2946,-76.2511,43.0,81,0,5.93,clear sky
576,Pushkino,RU,56.0172,37.8667,25.0,92,90,8.95,light snow
577,Kudahuvadhoo,MV,2.6708,72.8944,82.53,76,100,11.54,overcast clouds
578,Yatou,CN,37.15,122.3833,21.65,87,14,9.01,few clouds
579,Huadian,CN,42.9633,126.7478,2.55,81,100,6.44,snow
580,Loikaw,MM,19.6742,97.2094,62.65,68,0,1.81,clear sky
581,Waw,SS,7.7029,27.9953,71.73,32,0,3.24,clear sky
582,Acara,BR,-1.9608,-48.1967,73.44,96,99,2.71,heavy intensity rain
583,Kovdor,RU,67.5662,30.4758,6.53,95,17,5.46,few clouds
584,Jalu,LY,29.0331,21.5482,56.08,72,88,6.98,overcast clouds
585,Natal,BR,-5.795,-35.2094,80.6,74,20,13.87,few clouds
586,Feijo,BR,-8.1642,-70.3536,75.33,90,100,0.67,moderate rain
587,Kurumkan,RU,54.3,110.3,-28.12,73,90,2.82,overcast clouds
588,Gat,IL,31.61,34.7642,57.2,100,75,4.7,fog
589,Asau,RO,46.4333,26.4,39.99,63,100,5.3,overcast clouds
590,Ambon,ID,-3.6954,128.1814,87.8,70,40,3.36,scattered clouds
591,Soyaux,FR,45.65,0.2,35.01,100,90,2.24,mist
592,Tigzirt,DZ,36.8886,4.1198,49.12,61,100,4.99,overcast clouds
593,Bonthe,SL,7.5264,-12.505,80.01,85,0,5.91,clear sky
594,Aktash,RU,50.3,87.7333,-23.53,71,0,6.44,clear sky
595,Palana,RU,59.1167,159.9667,-6.57,90,26,3.56,scattered clouds
596,Karratha,AU,-20.7377,116.8463,90.82,29,0,21.32,clear sky
597,Ponta Delgada,PT,37.7333,-25.6667,55.4,66,75,14.99,broken clouds
598,Ranfurly,NZ,-45.1333,170.1,73.99,66,81,1.99,light rain
599,Stornoway,GB,58.2093,-6.3865,28.4,92,100,6.93,overcast clouds
600,Kununurra,AU,-15.7667,128.7333,89.6,66,92,11.41,overcast clouds
601,Aszod,HU,47.6517,19.4785,39.0,86,90,6.93,overcast clouds
602,Albury,AU,-36.0833,146.9167,64.4,93,90,4.7,overcast clouds
603,Popondetta,PG,-8.7537,148.2534,91.58,51,36,4.5,scattered clouds
604,Buchanan,LR,5.8808,-10.0467,75.2,94,40,7.49,mist
605,Colon,PA,9.3592,-79.9014,79.0,75,86,8.01,overcast clouds
606,Aiquile,BO,-18.2041,-65.1807,58.12,86,100,3.31,light rain
607,Balancan,MX,17.8,-91.5333,72.28,89,98,7.96,overcast clouds
608,Qujing,CN,25.4833,103.7833,47.88,81,100,13.06,overcast clouds
609,Inverell,AU,-29.7833,151.1167,81.19,57,30,3.58,light rain
610,Shawnee,US,39.05,-95.7669,44.6,74,1,11.41,clear sky
611,Saryg-Sep,RU,51.5,95.6,-29.2,80,40,2.48,scattered clouds
612,Novoagansk,RU,61.9449,76.6625,-20.69,86,0,6.6,clear sky
613,Oskemen,KZ,49.9565,82.6119,-38.2,58,40,0.45,fog
614,Tuatapere,NZ,-46.1333,167.6833,66.42,74,100,1.57,moderate rain
615,Lazaro Cardenas,MX,17.9583,-102.2,75.88,78,0,8.25,clear sky
616,Lyngseidet,NO,69.5763,20.2189,39.2,80,75,20.8,broken clouds
617,Nouakchott,MR,18.0858,-15.9785,73.4,43,0,9.17,clear sky
618,Sioux Lookout,CA,50.1001,-91.917,23.0,92,90,3.29,light snow
619,Chernushka,RU,56.5072,56.0766,12.33,96,100,6.69,snow
620,Ingham,US,42.6,-84.3833,34.0,98,90,5.82,mist
621,Inzhavino,RU,52.3185,42.4937,15.91,95,100,10.16,overcast clouds
622,Payakumbuh,ID,-0.2202,100.6308,74.5,84,84,0.65,broken clouds
623,Kaeo,NZ,-35.1,173.7833,76.48,45,94,5.44,overcast clouds
624,Teguise,ES,29.0605,-13.564,62.6,93,20,2.24,few clouds
625,Khani,GE,41.9563,42.9566,50.0,21,0,20.8,clear sky
626,Gumdag,TM,39.2061,54.5906,30.85,88,0,17.07,clear sky
627,Kemijarvi,FI,66.7131,27.4306,9.55,96,86,5.39,overcast clouds
628,Severomuysk,RU,56.1481,113.4267,-36.67,84,66,4.74,broken clouds
629,Progreso,MX,21.2833,-89.6667,73.4,69,90,8.05,overcast clouds
630,Kouango,CF,4.9934,19.9619,73.38,71,0,4.0,clear sky
631,Plettenberg Bay,ZA,-34.0527,23.3716,65.3,87,16,4.29,few clouds
632,Karakol,KG,42.4907,78.3936,17.76,68,2,4.43,clear sky
633,Samagaltay,RU,50.6022,95.0047,-24.32,76,20,1.23,few clouds
634,Novikovo,RU,51.1537,37.8879,22.69,97,99,8.81,overcast clouds
635,Iquitos,PE,-3.7481,-73.2472,77.0,94,75,6.93,shower rain
636,Cape Canaveral,US,28.4058,-80.6048,63.0,67,1,10.29,clear sky
637,Vokhtoga,RU,58.8147,41.0461,19.85,98,97,4.23,overcast clouds
638,Svetlaya,RU,46.5389,138.3297,0.3,79,0,6.62,clear sky
639,Luan,CH,46.3592,6.9759,32.0,97,75,3.36,broken clouds
640,Guangyuan,CN,32.442,105.823,41.0,99,100,1.99,overcast clouds
641,Ipixuna,BR,-1.7625,-48.8043,80.6,78,40,9.17,thunderstorm
642,Bacungan,PH,9.9106,118.7022,77.0,88,75,6.93,broken clouds
643,Esqueda,MX,30.7167,-109.5833,55.02,38,46,4.85,scattered clouds
644,Puri,IN,19.8,85.85,62.6,88,20,6.2,mist
645,Mancio Lima,BR,-7.6142,-72.8958,72.01,97,100,2.57,overcast clouds
646,Pyshchug,RU,58.8873,45.7134,17.6,98,87,5.79,overcast clouds
647,Broome,US,42.2506,-75.833,33.01,86,90,10.29,overcast clouds
648,Kirovsk,UA,48.6375,38.6428,28.62,98,100,10.47,overcast clouds
649,Fukuma,JP,33.7667,130.4667,41.0,48,75,11.41,broken clouds
650,Chatra,IN,24.2167,84.8667,64.4,88,75,1.07,broken clouds
651,Malanje,AO,-9.5402,16.341,62.29,97,0,3.38,clear sky
652,Son La,VN,21.3167,103.9,55.22,82,99,3.58,overcast clouds
653,Namatanai,PG,-3.6667,152.4333,78.06,87,100,4.61,moderate rain
654,Jabinyanah,TN,35.035,10.9081,46.4,49,40,4.7,scattered clouds
655,Ossora,RU,59.2353,163.0719,-2.07,84,98,4.61,overcast clouds
656,Altamira,BR,-3.2033,-52.2064,75.2,100,75,2.84,broken clouds
657,Shingu,JP,33.7333,135.9833,44.6,56,40,13.87,scattered clouds
658,Bamiantong,CN,44.9333,130.5333,-6.61,88,100,3.38,overcast clouds
659,Paamiut,GL,61.994,-49.6678,27.5,96,100,13.35,overcast clouds
660,Otjimbingwe,NA,-22.35,16.1333,70.66,59,99,3.0,overcast clouds
661,Sayla,IN,22.55,71.4667,54.84,73,0,8.41,clear sky
662,West Wendover,US,40.7391,-114.0733,39.2,55,1,4.7,clear sky
663,Minab,IR,27.1467,57.0801,41.0,41,0,6.93,clear sky
664,Helong,CN,42.5397,128.9972,2.98,74,100,3.04,overcast clouds
665,Sorland,NO,67.667,12.6934,43.72,77,100,16.64,overcast clouds
666,Newport,GB,51.5877,-2.9984,37.0,92,1,3.0,clear sky
667,Ormara,PK,25.2088,64.6357,61.21,32,0,14.47,clear sky
668,Acapulco,MX,16.8634,-99.8901,80.6,78,40,9.17,scattered clouds
669,Bronnoysund,NO,65.4625,12.1997,35.6,100,99,2.24,overcast clouds
